t,g,r,a,n_awareness,n_total
1,0.032130281690140844,0.03213028169014087,0.4875,975,2000
1708,9.363776408450704,0.7638644366197183,0.717,1434,2000
